Date,Close,High,Low,Open,Volume,Ticker
,AAPL,AAPL,AAPL,AAPL,AAPL,
2022-01-03,178.6456298828125,179.49955854778523,174.42512523500616,174.54290230186947,104487900,AAPL
2022-01-04,176.3783416748047,179.55845745447346,175.8090608575143,179.25419002967348,99310400,AAPL
2022-01-05,171.68670654296875,176.83966343060843,171.41188337376713,176.29001709220518,94537600,AAPL
2022-01-06,168.8207244873047,172.05972975479347,168.46737818581968,169.5077825799858,96904000,AAPL
2022-01-07,168.987548828125,170.92113587009246,167.86862157848182,169.69424129913546,86709100,AAPL
2022-01-10,169.00717163085938,169.31143906710747,165.06147477041716,165.95465755063788,106765600,AAPL
2022-01-11,171.84378051757812,171.9419231072243,167.66252878475484,169.1348024201247,76138300,AAPL
2022-01-12,172.28543090820312,173.90492564658769,171.58856322387598,172.86452151388104,74805200,AAPL
2022-01-13,169.00717163085938,173.35527850038557,168.61455640929785,172.53080900021536,84505800,AAPL
2022-01-14,169.8709259033203,170.56779364905069,167.92751407393143,168.17289299389805,80440800,AAPL
2022-01-18,166.66134643554688,169.35068950665382,166.27855596311068,168.33972966979056,90956700,AAPL
2022-01-19,163.1573486328125,167.91770571060235,162.87271567304091,166.85766697028808,94815000,AAPL
2022-01-20,161.46914672851562,166.54358123585433,161.14524474165466,163.89349177041368,91420500,AAPL
2022-01-21,159.407958984375,163.25549850314817,159.29999166470387,161.38080003283116,122848900,AAPL
2022-01-24,158.6325225830078,159.29996087836932,151.84043745137762,157.06210684561927,162294600,AAPL
2022-01-25,156.82655334472656,159.7514654895658,154.1175758189767,156.04133790955973,115798400,AAPL
2022-01-26,156.73822021484375,161.35134029387297,154.90279093312674,160.47779205545413,108275300,AAPL
2022-01-27,156.27688598632812,160.81148242302393,155.35425909751854,159.44717659164758,121954600,AAPL
2022-01-28,167.18154907226562,167.2011835771804,159.79073801782928,162.64695192499494,179935700,AAPL
2022-01-31,171.54930114746094,171.76523578487254,166.37670956776643,167.0147037152971,115541600,AAPL
2022-02-01,171.38243103027344,171.60817541361024,169.12494226668923,170.79351570873365,86213900,AAPL
2022-02-02,172.58966064453125,172.62892964666247,170.12606243492925,171.51981247586528,84914300,AAPL
2022-02-03,169.7040557861328,172.98232955327137,168.9384747506924,171.2548523641826,89418100,AAPL
2022-02-04,169.41905212402344,171.09958880025067,167.7385154477962,168.72128157532018,82465400,AAPL
2022-02-07,168.70162963867188,170.95215737367448,168.00385912062177,169.88094594072888,77251200,AAPL
2022-02-08,171.8169708251953,172.32801331203768,168.47555763684832,168.77039041755808,74829200,AAPL
2022-02-09,173.24200439453125,173.60562304759242,171.88578239754793,173.01597239364082,71285000,AAPL
2022-02-10,169.15367126464844,172.45576547110866,168.59350246849255,171.1388626912715,90865900,AAPL
2022-02-11,165.73370361328125,170.09718826300568,165.14403785138535,169.36011355854745,98670700,AAPL
2022-02-14,165.9695587158203,166.6574920486195,163.68953396046075,164.48557217382995,86185500,AAPL
2022-02-15,169.81216430664062,169.96941049690344,167.3159447684623,168.02353762882288,62527400,AAPL
2022-02-16,169.57630920410156,170.35268789659128,167.1193937273566,168.88837586977738,61177400,AAPL
2022-02-17,165.9695587158203,168.94733906736835,165.5666209795301,168.08250002280826,69589300,AAPL
2022-02-18,164.41677856445312,167.60093126737578,163.32590754694263,166.89335344125396,82772700,AAPL
2022-02-22,161.48812866210938,163.81727946148703,159.35551308277192,162.1367428748668,91162800,AAPL
2022-02-23,157.3113555908203,163.28655947595425,156.99686328327715,162.6870716360414,90009200,AAPL
2022-02-24,159.9353790283203,160.04348391166852,149.38046449387545,149.95047069736393,141147500,AAPL
2022-02-25,162.0089874267578,162.27432346013268,158.09756779697935,161.0163841306603,91974200,AAPL
2022-02-28,162.27430725097656,162.56914003220714,159.63066447244552,160.2498118134479,95056600,AAPL
2022-03-01,160.38743591308594,163.72884988791748,159.1786377230553,161.86158516779412,83474400,AAPL
2022-03-02,163.6895294189453,164.4757453471119,160.14174297698963,161.5569286485252,79724800,AAPL
2022-03-03,163.36520385742188,165.9990247912093,162.69693011047048,165.56660530985462,76678400,AAPL
2022-03-04,160.35794067382812,162.69692876038988,159.30638875818744,161.65519910712737,83737200,AAPL
2022-03-07,156.5546417236328,162.17606497919274,156.29911294194886,160.54466966467405,96418800,AAPL
2022-03-08,154.72669982910156,160.0729499038518,153.1149639973743,156.08292186895505,131148300,AAPL
2022-03-09,160.14175415039062,160.59383321427086,156.6627682949814,158.69708659288594,91454900,AAPL
2022-03-10,155.78810119628906,157.62586917951631,153.29186666707722,157.43914120341518,105342000,AAPL
2022-03-11,152.0634002685547,156.5349891936971,151.83736825574178,156.19101504721644,96970100,AAPL
2022-03-14,148.02423095703125,151.46391244119621,147.51320336208943,148.83992865134607,108732100,AAPL
2022-03-15,152.41720581054688,152.88894438184133,147.78838542286357,148.29941304803273,92964300,AAPL
2022-03-16,156.83966064453125,157.24259840193366,151.79808003042874,154.34344099306256,102300200,AAPL
2022-03-17,157.8518829345703,158.22533884354678,154.9134219533723,155.8765285127207,75615400,AAPL
2022-03-18,161.1539764404297,161.6453594768953,157.00670241299437,157.74377696769278,123511700,AAPL
2022-03-21,162.5298614501953,163.48314576119236,160.20069560988745,160.6920786569655,95811400,AAPL
2022-03-22,165.91058349609375,166.50023417031582,162.06796436975657,162.6576150439786,81532000,AAPL
2022-03-23,167.27664184570312,169.6647565186416,164.7607477720155,165.09489967753055,98062700,AAPL
2022-03-24,171.07012939453125,171.13891523462917,167.2766510462142,168.11199336639177,90131400,AAPL
2022-03-25,171.70887756347656,172.25922412685,169.7728273342969,170.88335771841636,80546200,AAPL
2022-03-28,172.57371520996094,172.70146459251646,169.03575161959526,169.20282003972102,90371900,AAPL
2022-03-29,175.87582397460938,175.92495028186923,173.30096665224875,173.64494077798946,100589400,AAPL
2022-03-30,174.7063446044922,176.51463074136956,173.65477761444038,175.47290101025155,92633200,AAPL
2022-03-31,171.6007843017578,174.96184246595325,171.39439682863326,174.77511451308345,103049300,AAPL
2022-04-01,171.3059539794922,171.86613784627107,168.97680315531144,171.0307806751932,78751300,AAPL
2022-04-04,175.3647918701172,175.4139331761271,171.43372732246453,171.56149171892602,76468400,AAPL
2022-04-05,172.04306030273438,175.22722840633008,171.41409049168348,174.44101239356067,73401800,AAPL
2022-04-06,168.8686981201172,170.6376800716011,167.19799877542366,169.3895629453013,89058800,AAPL
2022-04-07,169.1733856201172,170.3723616727419,166.92285745329926,168.21027887148895,77594700,AAPL
2022-04-08,167.15867614746094,168.8195531941642,166.28401495074868,168.8195531941642,76575500,AAPL
2022-04-11,162.89346313476562,166.1169343880837,162.64777163682479,165.80245706854532,72246700,AAPL
2022-04-12,164.7705535888672,166.94245808323757,163.7681280552551,165.12434995391737,79265200,AAPL
2022-04-13,167.46334838867188,168.0923181339545,163.89591740962862,164.50522763279633,70618900,AAPL
2022-04-14,162.44142150878906,168.31837428702366,162.1957299543893,167.67956724809082,75329400,AAPL
2022-04-18,162.2252197265625,163.72885077484435,160.75107046386879,161.09502962767093,69023900,AAPL
2022-04-19,164.51502990722656,164.92780484237912,161.0851860080734,162.17605691767423,67723800,AAPL
2022-04-20,164.34799194335938,165.9695652154126,163.2374763040021,165.85162307101254,67929800,AAPL
2022-04-21,163.5519256591797,168.57386081804293,163.05072036783037,165.9990185433864,87227800,AAPL
2022-04-22,159.00172424316406,164.97694406303006,158.7167286660117,163.5912552281569,84882400,AAPL
2022-04-25,160.0729522705078,160.35794785043367,155.72912776950562,158.3432742820327,96046400,AAPL
2022-04-26,154.09768676757812,159.54220292501202,154.01906370085135,159.45375759837563,95623200,AAPL
2022-04-27,153.8717041015625,157.03619732481974,152.7022099776654,153.2230748402012,88063200,AAPL
2022-04-28,160.81983947753906,161.68467841985887,156.19100467866673,156.50549701980856,130216800,AAPL
2022-04-29,154.93309020996094,163.33574447827155,154.5399897161662,159.0508831142893,131747600,AAPL
2022-05-02,155.2377471923828,155.50308325510557,150.6285715632027,154.00928950852122,123055300,AAPL
2022-05-03,156.7315216064453,157.9403346152518,153.6259923615283,155.42444099254382,88966500,AAPL
2022-05-04,163.1588134765625,163.6108774332453,156.5153058023954,156.9182434563484,108256500,AAPL
2022-05-05,154.06825256347656,161.25227067537543,152.27961098375334,161.02623866112972,130525300,AAPL
2022-05-06,154.79653930664062,156.92243639704813,151.74548246293438,153.54658846859752,116124600,AAPL
2022-05-09,149.65899658203125,153.36947314118723,149.0980045924118,152.48367497430928,131577900,AAPL
2022-05-10,152.07029724121094,154.2650965784608,150.5152434800802,153.0643590542694,115366700,AAPL
2022-05-11,144.18678283691406,152.99546042303857,143.5076754500473,151.07625368918983,142689800,AAPL
2022-05-12,140.30899047851562,143.8915146679824,136.60836588189918,140.515681208882,182602000,AAPL
2022-05-13,144.7871551513672,145.76152860215055,140.8503145681124,142.30694137891726,113990900,AAPL
2022-05-16,143.24192810058594,145.19067486728656,141.90340179419994,143.25177981278947,86643800,AAPL
2022-05-17,146.88348388671875,147.40511390744666,144.3638940477257,146.50947933681928,78336300,AAPL
2022-05-18,138.596435546875,145.0331612308298,137.69094928705914,144.53121962367445,109742900,AAPL
2022-05-19,135.18124389648438,139.4231864175674,134.4430864271214,137.6712938917074,136095600,AAPL
2022-05-20,135.41746520996094,138.47835924778758,130.51610307514665,136.89378037255537,137426100,AAPL
2022-05-23,140.8502960205078,140.99792151579808,135.47650272414663,135.61429152570187,117726300,AAPL
2022-05-24,138.1437225341797,139.72830130754187,135.16156729888525,138.58661405091433,104132700,AAPL
2022-05-25,138.30120849609375,139.55114451962976,136.15562265268915,136.2441979580696,92482700,AAPL
2022-05-26,141.50970458984375,142.06085975579472,134.97455116041425,135.2206036464889,90601500,AAPL
2022-05-27,147.27720642089844,147.31656821908913,142.96636115304457,143.09431327841077,90978500,AAPL
2022-05-31,146.48985290527344,148.28112280430025,144.52143236631133,146.71623208011104,103718400,AAPL
2022-06-01,146.36187744140625,149.3440325752995,145.34812731297455,147.5330747402819,74286600,AAPL
2022-06-02,148.82240295410156,148.8814531521364,144.5410833823405,145.49576829817823,72348100,AAPL
2022-06-03,143.08444213867188,145.63354221228246,142.17897081970852,144.58043039547144,88570300,AAPL
2022-06-06,143.8324432373047,146.22408125410382,142.61201747807138,144.70838950271786,71598400,AAPL
2022-06-07,146.36187744140625,146.64729173693155,141.82466868695218,142.07072118986648,67808200,AAPL
2022-06-08,145.62371826171875,147.50354794884595,145.13161326153673,146.23392365623158,53950200,AAPL
2022-06-09,140.3877410888672,145.6138948019082,140.279477367108,144.75763674117547,69473000,AAPL
2022-06-10,134.96473693847656,138.53740941897706,134.89583502233484,138.06499277205677,91437900,AAPL
2022-06-13,129.79763793945312,133.0652077917095,129.36458307542827,130.77199636565416,122207100,AAPL
2022-06-14,130.66372680664062,131.77588901971137,129.40393908646058,131.0278947539339,84784300,AAPL
2022-06-15,133.2915496826172,135.1713943388265,130.07319387777778,132.16955091202541,91533000,AAPL
2022-06-16,128.00633239746094,130.2995431807251,127.00243413205736,129.99444052600703,108123900,AAPL
2022-06-17,129.482666015625,130.97866943008026,127.76029850473763,128.01620271778103,134520300,AAPL
2022-06-21,133.724609375,134.8958216908251,131.21488586149243,131.31329785187046,81000500,AAPL
2022-06-22,133.21282958984375,135.5847642777482,131.7955647861074,132.66165937450523,73409200,AAPL
2022-06-23,136.08673095703125,136.40167037101077,133.48841696582116,134.65962935518908,72433800,AAPL
2022-06-24,139.42318725585938,139.66923974712645,137.56303102259437,137.69096810591373,89116800,AAPL
2022-06-27,139.42318725585938,141.22429329407663,138.74407997710588,140.44675901167543,70207900,AAPL
2022-06-28,135.2698211669922,141.15539260379745,135.15172077587945,139.8857683457784,67083400,AAPL
2022-06-29,137.0315399169922,138.44880457321094,134.51196498053721,135.28949921008694,66242400,AAPL
2022-06-30,134.5612030029297,136.1851436237319,131.65778627775248,135.08283314259847,98964500,AAPL
2022-07-01,136.73629760742188,136.84456131567046,133.51794149629842,133.89193111018585,71051600,AAPL
2022-07-05,139.32476806640625,139.3739815709903,134.76787086684834,135.59461869744254,73353800,AAPL
2022-07-06,140.6632843017578,141.84433323860637,138.85234159739986,139.11808248899268,74064300,AAPL
2022-07-07,144.03916931152344,144.23600834868253,141.01763677774284,141.02747347335122,66253700,AAPL
2022-07-08,144.71824645996094,145.2202032222622,142.71046446431882,142.9663536838273,64547800,AAPL
2022-07-11,142.58250427246094,144.3245602553875,141.50971892875648,143.36987531125314,63141600,AAPL
2022-07-12,143.556884765625,146.10598530220875,142.75967699315206,143.45845774918337,77588800,AAPL
2022-07-13,143.19271850585938,144.13755169717774,139.8759205891,140.73219350243247,71185600,AAPL
2022-07-14,146.1256561279297,146.59807271073137,140.98807885917248,141.80497494021958,78140700,AAPL
2022-07-15,147.79881286621094,148.47792016432717,145.85991797831633,147.4149715696043,76259900,AAPL
2022-07-18,144.74778747558594,149.17673295190042,144.3836195242813,148.35983676190435,81420900,AAPL
2022-07-19,148.61570739746094,148.8420714884981,144.59029217223815,145.58433884840355,82982400,AAPL
2022-07-20,150.62347412109375,151.2927446518588,147.99563553153246,148.7337929449323,64823400,AAPL
2022-07-21,152.89703369140625,153.11356109876007,149.54087389527504,152.06044916137068,65086600,AAPL
2022-07-22,151.6569366455078,153.81235925179797,150.98768095986142,152.93641282919904,66675400,AAPL
2022-07-25,150.534912109375,152.5919073451431,149.87549323073483,151.5781722761147,53623900,AAPL
2022-07-26,149.20626831054688,150.6727318576423,148.41889716817153,149.85583561149025,55138700,AAPL
2022-07-27,154.3142547607422,154.84573648624988,149.75737339729145,150.1707397294361,78620700,AAPL
2022-07-28,154.86544799804688,155.1508622874104,151.97186822338708,154.50128008945563,81378700,AAPL
2022-07-29,159.94395446777344,161.0462798301135,156.981487908036,158.6940186370959,101786900,AAPL
2022-08-01,158.9597625732422,161.00692131549803,158.34955713719083,158.4676575395611,67829400,AAPL
2022-08-02,157.4834442138672,159.84555733737668,157.10945460814798,157.57203453166576,59907000,AAPL
2022-08-03,163.5067901611328,163.9595182903737,158.21173626607992,158.30031154990738,82507500,AAPL
2022-08-04,163.1918487548828,164.55006328617097,161.83363422359466,163.38868774052628,55474100,AAPL
2022-08-05,162.96519470214844,163.45798329811657,160.64908228561242,160.8560601129534,56697000,AAPL
2022-08-08,162.49209594726562,165.38969510382904,161.83176107750737,163.97046163622954,60276900,AAPL
2022-08-09,162.5413818359375,163.42841029450733,160.89546979944944,161.65436841608152,63135500,AAPL
2022-08-10,166.79908752441406,166.89763621928432,164.49282549147833,165.26157448955212,70170500,AAPL
2022-08-11,166.05990600585938,168.52384897861626,165.76422984138568,167.6072543726192,57149200,AAPL
2022-08-12,169.6178436279297,169.68682621240507,166.9567731335436,167.3707287952548,68039400,AAPL
2022-08-15,170.69210815429688,170.88922057556053,168.8786498167292,169.04619612673898,54091700,AAPL
2022-08-16,170.534423828125,171.2046241525694,169.18418785976604,170.28802952506885,56377100,AAPL
2022-08-17,172.032470703125,173.60938490139674,170.08103242735956,170.27814482230454,79542000,AAPL
2022-08-18,171.6382598876953,172.37744277272193,170.6231165953559,171.24403503116682,62290100,AAPL
2022-08-19,169.0461883544922,171.23417071896347,168.83921054651765,170.53440436112984,70346300,AAPL
2022-08-22,165.1531524658203,167.41011727933045,164.7293465168106,167.242570986512,69026800,AAPL
2022-08-23,164.81805419921875,166.27671913488913,164.24641767665275,164.67022364972456,54147100,AAPL
2022-08-24,165.11375427246094,165.68539087789364,163.8522166048561,164.90679147316692,53841500,AAPL
2022-08-25,167.57766723632812,167.68608131507673,165.92190498494463,166.34569590450855,51218200,AAPL
2022-08-26,161.26011657714844,168.58296208169574,161.20098435870386,168.10988929542629,78961000,AAPL
2022-08-29,159.0524139404297,160.55048008538364,157.5149162955654,158.82572041272238,73314000,AAPL
2022-08-30,156.61807250976562,160.21542318351743,155.44523326516241,159.79163221679283,77906200,AAPL
2022-08-31,154.9524383544922,158.2639781293564,154.87359037905333,157.99786809208942,87991100,AAPL
2022-09-01,155.6817626953125,156.13511973195193,152.43920566957192,154.3807937267726,74229900,AAPL
2022-09-02,153.5627899169922,158.04716944145756,152.734908630889,157.44596671349123,76957800,AAPL
2022-09-06,152.30123901367188,154.8243141649417,151.47335779942037,154.2132611313819,73714800,AAPL
2022-09-07,153.7106170654297,154.410368411757,151.3945047755551,152.587059729615,87449600,AAPL
2022-09-08,152.23226928710938,154.1048600544352,150.47792793917256,152.40966597426606,84923800,AAPL
2022-09-09,155.10023498535156,155.54375663002625,152.51802826904805,153.22764485407515,68028800,AAPL
2022-09-12,161.07284545898438,161.89087619174813,157.00242258515337,157.28823330445064,104956000,AAPL
2022-09-13,151.62120056152344,158.22456513012241,151.15797805083207,157.59379629154282,122656600,AAPL
2022-09-14,153.0699920654297,154.83418366980385,151.3945138382118,152.557487712131,87965400,AAPL
2022-09-15,150.17237854003906,153.0009950551444,149.19666683175186,152.41949313430064,90481100,AAPL
2022-09-16,148.52645874023438,149.16709284731172,146.2300624042499,149.02911266156946,162278800,AAPL
2022-09-19,152.251953125,152.33080110123336,146.94955831205283,147.15652109079085,81474200,AAPL
2022-09-20,154.6370391845703,155.80002796923935,150.8721425262803,151.18751937449895,107689800,AAPL
2022-09-21,151.50289916992188,156.45049997062233,151.3846347411177,155.0706831334898,101696800,AAPL
2022-09-22,150.53707885742188,152.24212333754144,148.73347063401485,150.1822704357891,86652500,AAPL
2022-09-23,148.26036071777344,149.28536935652284,146.41733629369975,149.00940896271652,96029900,AAPL
2022-09-26,148.59547424316406,151.55220575538115,147.48176722784044,147.50148298209515,93339400,AAPL
2022-09-27,149.57119750976562,152.48851277634017,147.78730509985635,150.53707403917747,84442700,AAPL
2022-09-28,147.6788787841797,148.46734352386844,142.75099295951767,145.5106120290712,146691400,AAPL
2022-09-29,140.425048828125,144.6039019742723,138.6510066887834,143.99284886355534,128138200,AAPL
2022-09-30,136.20675659179688,141.03609356030535,136.0096441732016,139.2423359620473,124925300,AAPL
2022-10-03,140.39544677734375,141.00651477037042,135.7041054662748,136.21660973950978,114311700,AAPL
2022-10-04,143.99282836914062,144.11109281535886,142.17935497441533,142.93825359464822,87830100,AAPL
2022-10-05,144.28848266601562,145.25435906019973,140.94737686981628,141.9921012373244,79471000,AAPL
2022-10-06,143.33248901367188,145.41205756578128,143.12552621752397,143.7070131726072,68402200,AAPL
2022-10-07,138.06948852539062,141.03608513942643,137.43871980031912,140.4841493461153,85925600,AAPL
2022-10-10,138.39476013183594,139.84355993945272,136.57145118339125,138.39476013183594,74899000,AAPL
2022-10-11,136.97549438476562,139.31132222277216,136.22646123968164,137.8822234673554,77033700,AAPL
2022-10-12,136.34475708007812,138.33562739322105,136.16736038855555,137.12337155166935,70433700,AAPL
2022-10-13,140.92770385742188,141.51904121552016,132.43201728601596,133.04308543971524,113224000,AAPL
2022-10-14,136.3841552734375,142.43559768266257,136.19689323010235,142.22861988773633,88598000,AAPL
2022-10-17,140.35604858398438,140.83897177317823,138.24691403880277,139.035378783641,85250900,AAPL
2022-10-18,141.6767120361328,144.58416155365336,138.58200045824861,143.39162165141138,99136600,AAPL
2022-10-19,141.78509521484375,142.85937044003467,139.45913310010627,139.6463951196499,61758300,AAPL
2022-10-20,141.32186889648438,143.78581110825004,140.5925365878662,140.95721026153018,64522000,AAPL
2022-10-21,145.1459503173828,145.71758686598037,140.59257368233722,140.80940185727815,86548600,AAPL
2022-10-24,147.2945098876953,148.0632589024532,143.89427154723307,145.0671108242576,75981900,AAPL
2022-10-25,150.142822265625,150.2906678641537,147.20580651383366,147.92527363612152,74732300,AAPL
2022-10-26,147.19598388671875,149.79790750063745,145.90486492000628,148.7827640287608,88194300,AAPL
2022-10-27,142.71157836914062,146.900281375259,142.0512434645865,145.934419951747,109180200,AAPL
2022-10-28,153.49380493164062,155.22841546191245,145.68803498734457,146.06254411260886,164762400,AAPL
2022-10-31,151.12840270996094,152.01543120421692,149.7288849047636,150.9510060343384,97943200,AAPL
2022-11-01,148.4772186279297,153.20799281581503,146.9791519154273,152.8433340164017,80379300,AAPL
2022-11-02,142.93826293945312,149.97528368505897,142.90869682596562,146.80172383520585,93604600,AAPL
2022-11-03,136.876953125,140.74041357111363,136.74882328898968,140.01108109963562,97918500,AAPL
2022-11-04,136.6103973388672,140.84553006556408,132.66154945569053,140.27294531486436,140814800,AAPL
2022-11-07,137.14349365234375,137.37054820183675,133.93505454893932,135.35664228494105,83374600,AAPL
2022-11-08,137.716064453125,139.62137625048666,135.73177389359924,138.61443092612598,89908500,AAPL
2022-11-09,133.14527893066406,136.77822695953947,132.86886077303504,136.72886334632145,74917800,AAPL
2022-11-10,144.99183654785156,144.99183654785156,137.7160881791185,139.43384265889435,118854000,AAPL
2022-11-11,147.78564453125,148.09167786414133,142.5238023668343,143.955271925704,93979700,AAPL
2022-11-14,146.38380432128906,148.35822845841318,145.544668037547,147.0649830587826,73374100,AAPL
2022-11-15,148.12132263183594,151.62592920943447,146.6602526874079,150.27345321745025,89868300,AAPL
2022-11-16,146.88726806640625,147.95345884286033,145.40645005416332,147.22293159756276,64218300,AAPL
2022-11-17,148.79263305664062,149.5429089514445,144.28106579714384,144.55748402489598,80389400,AAPL
2022-11-18,149.3553009033203,150.74727347635653,148.05218886107582,150.36226138845927,74829600,AAPL
2022-11-21,146.1172637939453,148.4470850528785,145.83097890062086,148.2397789385964,58724100,AAPL
2022-11-22,148.259521484375,148.4964578361229,145.05108182314493,146.23574851822164,51804100,AAPL
2022-11-23,149.1381378173828,149.88841358362208,147.4302500541231,147.53884398667913,58301400,AAPL
2022-11-25,146.21600341796875,146.97616104993173,145.23865789115922,146.4134428504666,35195900,AAPL
2022-11-28,142.37571716308594,144.76476841756258,141.54646269068775,143.28395040385445,69246000,AAPL
2022-11-29,139.36476135253906,142.95821359339442,138.5552550835596,142.44485896936806,83763800,AAPL
2022-11-30,146.13699340820312,146.81817210889182,138.75265175216816,139.59177292691083,111380900,AAPL
2022-12-01,146.4134063720703,147.22292742638413,144.735149018476,146.31469421224674,71250400,AAPL
2022-12-02,145.91981506347656,146.10738776877085,143.7874333564375,144.09348175456344,65447400,AAPL
2022-12-05,144.75491333007812,148.99004656094093,143.90591033158032,145.8803345082114,68826400,AAPL
2022-12-06,141.08248901367188,145.4163496587564,140.10514358274577,145.18929508684244,64727200,AAPL
2022-12-07,139.13766479492188,141.536582777895,138.20968308402922,140.37167982245785,69721100,AAPL
2022-12-08,140.82579040527344,141.6846751168045,139.2956238058851,140.53950554386986,62128300,AAPL
2022-12-09,140.34207153320312,143.70846830830249,139.0981746838461,140.51976247530513,76097000,AAPL
2022-12-12,142.64227294921875,142.65213964669184,139.25612782207975,140.87515496362036,70462700,AAPL
2022-12-13,143.60975646972656,148.05221126240446,142.39548971088675,147.58822033452066,93886200,AAPL
2022-12-14,141.37863159179688,144.78450984521314,139.35484405860026,143.49126458622354,82291200,AAPL
2022-12-15,134.75445556640625,139.98668286120417,134.29046466082826,139.3055040822211,98931900,AAPL
2022-12-16,132.78988647460938,135.8897316869335,132.01986228619933,134.94201656134896,160156900,AAPL
2022-12-19,130.67726135253906,133.47107341378072,129.64070069453433,133.38222793972224,79592600,AAPL
2022-12-20,130.60816955566406,131.54601807895426,128.22898467531743,129.70980289008992,77432800,AAPL
2022-12-21,133.71788024902344,135.06048935091275,131.05241050570748,131.27946507821224,85928000,AAPL
2022-12-22,130.5390625,132.83926868979583,128.63375022087482,132.63196256739838,77852100,AAPL
2022-12-23,130.17376708984375,130.72660336639342,127.98215537662273,129.2457854554959,63814900,AAPL
2022-12-27,128.3671875,129.72954501138923,127.07394206581392,129.6999298536339,69007800,AAPL
2022-12-28,124.42821502685547,129.35440133807893,124.2603907760934,128.01179226832107,85438400,AAPL
2022-12-29,127.95255279541016,128.8114224477477,126.09659687618785,126.35326658304521,75703700,AAPL
2022-12-30,128.26846313476562,128.28821159493137,125.80044037402875,126.76791156272077,77034200,AAPL
2023-01-03,123.47061157226562,129.22605213593528,122.58211921528644,128.6139854814398,112117500,AAPL
2023-01-04,124.7441177368164,127.01470850998557,123.48048749262259,125.26733892869382,89113600,AAPL
2023-01-05,123.42125701904297,126.1360903730334,123.16458728849297,125.50427521319664,80962700,AAPL
2023-01-06,127.96240997314453,128.62384018148796,123.29290160052527,124.39858171183529,87754700,AAPL
2023-01-09,128.48562622070312,131.70394674213998,128.22895654270584,128.8015412677692,70790800,AAPL
2023-01-10,129.05821228027344,129.5814334016857,126.48158852267441,128.5942214648839,63896200,AAPL
2023-01-11,131.782958984375,131.80269238208612,128.79170729193848,129.57159828407498,69458900,AAPL
2023-01-12,131.70396423339844,132.5430854442494,129.75915527463124,132.16795510561155,71379600,AAPL
2023-01-13,133.0366668701172,133.19462438541646,129.97631909539697,130.34158266882602,57809700,AAPL
2023-01-17,134.20162963867188,135.53435707802646,132.41477795673228,133.1058234879157,63646600,AAPL
2023-01-18,133.48094177246094,136.83745656269951,133.30323577852656,135.0703537024429,69672800,AAPL
2023-01-19,133.54017639160156,134.50763996952077,132.05935833689125,132.3653916580124,58280400,AAPL
2023-01-20,136.10691833496094,136.25500917828725,132.5036004355903,133.55004278165805,80223600,AAPL
2023-01-23,139.30551147460938,141.48725702280552,136.1365537453342,136.35374163026458,81760300,AAPL
2023-01-24,140.7073211669922,141.32926952973608,138.50584268721101,138.5157093840139,66435100,AAPL
2023-01-25,140.04591369628906,140.60861677861874,137.03491367991992,139.0883167228264,65799300,AAPL
2023-01-26,142.1190643310547,142.4053492196724,140.08539469738815,141.33915831562229,54105100,AAPL
2023-01-27,144.0638427734375,145.34722141150488,141.25029755609052,141.32927632528882,70555800,AAPL
2023-01-30,141.17132568359375,143.68871946900538,141.02324989890042,143.10626796433064,64015300,AAPL
2023-01-31,142.44482421875,142.49418783542103,140.46053336332577,140.87516062877287,65874500,AAPL
2023-02-01,143.57025146484375,144.7351696002277,139.51282411039048,142.1289302044529,77663600,AAPL
2023-02-02,148.89134216308594,149.24672407231745,146.2752209542802,146.9958815985471,118339000,AAPL
2023-02-03,152.5242462158203,155.367421451088,145.93954431951425,146.13698369670587,154357300,AAPL
2023-02-06,149.78968811035156,151.14217893420934,148.85183962560956,150.61895772492184,69858300,AAPL
2023-02-07,152.67233276367188,153.24491754252153,148.7136179890826,148.7136179890826,83322600,AAPL
2023-02-08,149.9772491455078,152.60323674930237,149.23684012618935,151.91219134400382,64120100,AAPL
2023-02-09,148.940673828125,152.35643407265164,148.49643142830433,151.81346444457745,56007100,AAPL
2023-02-10,149.30650329589844,149.6327824911062,147.53670230127932,147.77400037597405,57450700,AAPL
2023-02-13,152.11448669433594,152.5198501850578,149.21753098880535,149.24719136406156,62199000,AAPL
2023-02-14,151.47181701660156,152.03539434579272,149.15821711991074,150.40399819813007,61707600,AAPL
2023-02-15,153.5777587890625,153.74583924665023,151.15539970893886,151.38280090606835,65573800,AAPL
2023-02-16,151.97604370117188,154.566483327967,151.6201041650226,151.77828778035447,68167900,AAPL
2023-02-17,150.8291473388672,151.2740680510971,149.1483273778538,150.63140647639398,59144100,AAPL
2023-02-21,146.80503845214844,149.59323413897312,146.735835945734,148.50563686680903,58867200,AAPL
2023-02-22,147.23020935058594,148.2584708875877,145.4999504020457,147.19065212608928,51011300,AAPL
2023-02-23,147.71466064453125,148.6440592209031,145.57903837527164,148.3968793904493,48394200,AAPL
2023-02-24,145.05502319335938,145.5296042594395,144.07618560082526,145.45050490064946,55469600,AAPL
2023-02-27,146.2513885498047,147.4872879410314,145.78668917177046,146.0437659006096,44998500,AAPL
2023-02-28,145.74713134765625,147.3982909462784,145.17367228142913,145.39119175781394,50547000,AAPL
2023-03-01,143.67080688476562,145.56914623363537,143.37418806129784,145.17366452678502,55479000,AAPL
2023-03-02,144.26406860351562,145.05504723585858,142.27673271533786,142.75132894674115,52238100,AAPL
2023-03-03,149.3262939453125,149.4053933099208,145.66803508048022,146.3700174255545,70732300,AAPL
2023-03-06,152.0947265625,154.53686499973716,151.72890516544965,152.05516933291133,87558000,AAPL
2023-03-07,149.889892578125,152.29247388732216,149.42519317412447,151.9661946194071,56182000,AAPL
2023-03-08,151.14552307128906,151.73876071934626,150.11726157953802,151.08620232381537,47204800,AAPL
2023-03-09,148.89125061035156,152.79668921738386,148.53531102339875,151.82774843104707,53833600,AAPL
2023-03-10,146.82484436035156,149.23732233138423,145.94488461714658,148.5155613274809,68572400,AAPL
2023-03-13,148.77259826660156,151.41247705797895,146.03384150790953,146.14260123729179,84457100,AAPL
2023-03-14,150.8686981201172,151.66955846534526,148.40679633095857,149.57347804705336,73695900,AAPL
2023-03-15,151.26419067382812,151.5212522938301,148.2288147892157,149.48449268664993,77167900,AAPL
2023-03-16,154.0919189453125,154.69503836094123,149.92940378389787,150.443542077547,76161100,AAPL
2023-03-17,153.2515106201172,154.97188784795392,152.53963142836827,154.31932940774055,98944600,AAPL
2023-03-20,155.62440490722656,156.03968027113282,152.41106732424598,153.3207023163031,73641400,AAPL
2023-03-21,157.48321533203125,157.60185682514813,154.7741189081368,155.54533387337614,73938300,AAPL
2023-03-22,156.04957580566406,160.31095376257457,156.02979719452793,157.50299444764113,75701800,AAPL
2023-03-23,157.13717651367188,159.7276317574304,155.90127718884906,157.03831361968307,67622100,AAPL
2023-03-24,158.44229125976562,158.53127238912836,156.06937062345713,157.06797183296018,59196500,AAPL
2023-03-27,156.49449157714844,158.9564080964957,156.08911303822106,158.13576925671327,52390300,AAPL
2023-03-28,155.87158203125,156.70211765807048,154.2204227121211,156.18797942940225,45992200,AAPL
2023-03-29,158.9564208984375,159.23326112130354,157.5524411719995,157.57220469744664,51305700,AAPL
2023-03-30,160.5284881591797,160.6372479005565,159.45078759523014,159.70784921727477,49501700,AAPL
2023-03-31,163.03981018066406,163.13868814753852,160.08354906302839,160.60756909681194,68749800,AAPL
2023-04-03,164.29550170898438,164.4141432098461,162.36750188667764,162.41694087425697,56976200,AAPL
2023-04-04,163.7615966796875,164.95793868784338,163.24745837486338,164.72065569074036,46278300,AAPL
2023-04-05,161.91270446777344,163.18816110737487,159.97482264150005,162.88166046757286,51511700,AAPL
2023-04-06,162.80252075195312,163.09913955417102,160.17252383849814,160.59766588857192,45390100,AAPL
2023-04-10,160.20220947265625,160.20220947265625,158.27420958419825,159.59909001148102,47716900,AAPL
2023-04-11,158.98606872558594,160.52846844172586,158.69933167596588,160.51858667978223,47644200,AAPL
2023-04-12,158.2939910888672,160.23187277591592,157.9775936210526,159.40135205289505,50133100,AAPL
2023-04-13,163.6923828125,163.92968090167284,159.59908506589906,159.8067227797579,68445600,AAPL
2023-04-14,163.34632873535156,164.44380780578675,161.97200945675792,162.7333124858637,49386500,AAPL
2023-04-17,163.36610412597656,163.52430285260365,162.17964384959518,163.22768401184308,41516200,AAPL
2023-04-18,164.5921173095703,165.52151594579726,163.78136017187086,164.22629596467013,49923000,AAPL
2023-04-19,165.73902893066406,166.26304897753164,163.67259403000486,163.92967071563345,47720200,AAPL
2023-04-20,164.7700958251953,165.97633480151939,163.69239520940707,164.21641532852104,52456400,AAPL
2023-04-21,163.1584930419922,164.57235465877127,162.63447292379246,163.1881534195007,58337300,AAPL
2023-04-24,163.46495056152344,163.73190897536492,162.04119246991291,163.13867140830786,41949600,AAPL
2023-04-25,161.92257690429688,164.43391748853472,161.88301968061162,163.32655661191464,48714100,AAPL
2023-04-26,161.91270446777344,163.41556237454046,160.96354216946153,161.22060381553294,45498800,AAPL
2023-04-27,166.51022338867188,166.65852525119462,163.32654598880194,163.32654598880194,64902300,AAPL
2023-04-28,167.76589965820312,167.93399523157063,165.98621681699632,166.58933625125528,55275900,AAPL
2023-05-01,167.67694091796875,168.52724031442625,166.73766038490427,167.37044027854733,52472900,AAPL
2023-05-02,166.63876342773438,168.42835824019505,165.65004401355455,168.17128153704527,48425700,AAPL
2023-05-03,165.5610809326172,168.9919388807047,165.27435890938423,167.58795896994013,65136000,AAPL
2023-05-04,163.91981506347656,165.1557145575776,162.4565142867268,163.02997346238934,81235400,AAPL
2023-05-05,171.6120147705078,172.33377562947254,168.8337008869275,169.05122033812108,113453200,AAPL
2023-05-08,171.54278564453125,171.8888434081604,170.16846652439008,170.53428781013776,55962800,AAPL
2023-05-09,169.8323211669922,171.5823434942616,169.66424069363828,171.09788068478838,45326900,AAPL
2023-05-10,171.6021270751953,172.0668263741992,169.96084934197563,171.06822526711633,53724500,AAPL
2023-05-11,171.78997802734375,172.62049861686478,170.22779972610607,171.88885599180736,49514700,AAPL
2023-05-12,170.8592987060547,172.33451847611525,169.3048550658258,171.8988778353498,45533100,AAPL
2023-05-15,170.36428833007812,171.49298697857782,169.77023004875,171.44347960387887,37266700,AAPL
2023-05-16,170.36428833007812,171.42367363249335,170.0969605927275,170.28507955206572,42110300,AAPL
2023-05-17,170.97811889648438,171.21573009717264,168.7306172756303,170.00783790944186,57951600,AAPL
2023-05-18,173.31472778320312,173.50284672542747,170.86921174934298,171.2850464654308,65496700,AAPL
2023-05-19,173.42364501953125,174.64144781679403,173.20582466782196,174.64144781679403,55809500,AAPL
2023-05-22,172.47315979003906,172.97811385055638,171.73059450812943,172.25533943207657,43570900,AAPL
2023-05-23,169.85931396484375,171.66127945739515,169.5820908286863,171.41375772100255,50747300,AAPL
2023-05-24,170.13653564453125,170.71078788094945,168.82962874348078,169.39397044171028,45143500,AAPL
2023-05-25,171.275146484375,172.1761141248664,169.98803043113716,170.70089424192957,56058300,AAPL
2023-05-26,173.69094848632812,174.0275895351184,171.39395459047836,171.60187949980389,54835000,AAPL
2023-05-30,175.54241943359375,177.21566879798618,174.81966018947244,175.20579349606086,55964400,AAPL
2023-05-31,175.492919921875,177.57210865507508,175.00777185545402,175.57212869440465,99625300,AAPL
2023-06-01,178.3047637939453,178.33446519527467,175.17608525533697,175.9384564736909,68901800,AAPL
2023-06-02,179.15621948242188,179.97799341291704,177.48297022337377,179.2354282464183,61996900,AAPL
2023-06-05,177.7998046875,183.11656642752385,176.2750624238164,180.81957270938136,121946500,AAPL
2023-06-06,177.43348693847656,178.33445457100666,175.6711182885981,178.18594757320713,64848400,AAPL
2023-06-07,176.05726623535156,179.41366034455214,175.56222276728346,176.67111530134713,61944600,AAPL
2023-06-08,178.77999877929688,179.04731136486936,175.70082791608735,176.1364534617516,50214900,AAPL
2023-06-09,179.16615295410156,180.42355258623877,178.83942242611607,179.70079329510486,48900000,AAPL
2023-06-12,181.9680938720703,182.06710862095264,179.17605622243772,179.47308536155512,54274900,AAPL
2023-06-13,181.4928436279297,182.32451307330234,180.63147278147434,180.98790470199526,54929100,AAPL
2023-06-14,182.12648010253906,182.56212075064622,180.21561965950994,181.5522278943548,57462900,AAPL
2023-06-15,184.16607666015625,184.67103069686027,181.95818688950908,182.13641040467775,65433200,AAPL
2023-06-16,183.0868682861328,185.13635542691418,182.4433178422068,184.878923163322,101256200,AAPL
2023-06-20,183.1759796142578,184.2551858622496,182.58193651385486,182.58193651385486,49799100,AAPL
2023-06-21,182.1364288330078,183.5720521007454,180.7799992383261,183.06709801295077,49515700,AAPL
2023-06-22,185.146240234375,185.19574759818892,181.84924922371533,181.91856255456008,51245300,AAPL
2023-06-23,184.82943725585938,185.70071866604846,183.17599374881706,183.71064919871634,53117000,AAPL
2023-06-26,183.4334259033203,186.18586660248252,183.39381396241686,184.9779592329188,48088700,AAPL
2023-06-27,186.1957550048828,186.52248552112178,183.8294477274505,184.04726807160984,50730800,AAPL
2023-06-28,187.37396240234375,188.01751290126907,185.7403249158235,186.06704032710473,51216800,AAPL
2023-06-29,187.7105712890625,188.1858238773272,187.06702084863718,187.20563240999925,46347300,AAPL
2023-06-30,192.0471649169922,192.55210381756805,189.36402266288647,189.73036510372253,85213200,AAPL
2023-07-03,190.55215454101562,191.95807629669292,189.8590815409033,191.85906155166862,31458200,AAPL
2023-07-05,189.433349609375,191.06698713435688,188.7303811843197,189.6709759307026,46920300,AAPL
2023-07-06,189.90858459472656,190.11650951153766,187.32445692665846,187.95811200082892,45094300,AAPL
2023-07-07,188.78976440429688,190.76004279032819,188.35413885501103,189.5125387247038,46815000,AAPL
2023-07-10,186.74032592773438,188.10665094106523,185.18588195082552,187.38387649073601,59922200,AAPL
2023-07-11,186.21554565429688,187.42345287888426,184.75022127484863,187.28484131741655,46638100,AAPL
2023-07-12,187.88880920410156,189.7996698114742,186.60169311695756,187.79968989475896,60750200,AAPL
2023-07-13,188.6511688232422,189.29473443261006,187.89870814797314,188.61157199087162,41342300,AAPL
2023-07-14,188.79971313476562,189.28484614910528,187.7502232169733,188.34426641754783,41616200,AAPL
2023-07-17,192.0669708251953,192.39370132812152,189.9085734412509,189.9976776399959,50520200,AAPL
2023-07-18,191.80953979492188,192.40359800546008,190.51252831302557,191.433317028607,48288200,AAPL
2023-07-19,193.1659698486328,196.26493172677777,190.74024473686075,191.18579595006162,80507300,AAPL
2023-07-20,191.2154998779297,194.52238670645607,190.5917402572243,193.1560618639693,59581200,AAPL
2023-07-21,190.0373077392578,193.03727024392953,189.33433929774543,192.17589935868594,71951700,AAPL
2023-07-24,190.83924865722656,192.9778399722658,190.34420521064493,191.49270963252084,45377800,AAPL
2023-07-25,191.70062255859375,192.51250107589357,191.0075647435374,191.4135040021873,37283200,AAPL
2023-07-26,192.57191467285156,193.70061320853526,191.40361930588426,191.75014067908202,47471900,AAPL
2023-07-27,191.3046112060547,195.24515323301043,190.6412547294524,194.07685782549473,47460200,AAPL
2023-07-28,193.88873291015625,194.68080550669023,192.21548351570434,192.74022840055838,48291400,AAPL
2023-07-31,194.50257873535156,194.54219067365466,193.32437284504627,194.11644542830032,38824100,AAPL
2023-08-01,193.67091369628906,194.77980627337752,193.34418318178373,194.29467332466547,35175100,AAPL
2023-08-02,190.6709442138672,193.24516118654293,189.94818497968632,193.1065496196106,50389300,AAPL
2023-08-03,189.27491760253906,190.46301890335675,188.79968010371752,189.67096144116343,61235200,AAPL
2023-08-04,180.18594360351562,185.52251207833032,180.11663025996506,183.68094960257173,115956800,AAPL
2023-08-07,177.07704162597656,181.31461219425503,175.59191133034085,180.3245253304979,97576100,AAPL
2023-08-08,178.0176239013672,178.48296594319257,175.81962982094473,177.9087137403543,67823000,AAPL
2023-08-09,176.42359924316406,179.13642786663587,175.25528876502239,179.07702506576103,60378500,AAPL
2023-08-10,176.20578002929688,178.95822060931928,175.8394526832055,177.70080592181807,54686900,AAPL
2023-08-11,176.26527404785156,177.08815781935616,175.03591791571532,175.7993186650753,52036700,AAPL
2023-08-14,177.9209442138672,178.14896748076782,175.78937369863468,176.44371711975322,43675600,AAPL
2023-08-15,175.92819213867188,177.94078172124355,175.53162857549793,177.34593637648265,43622600,AAPL
2023-08-16,175.0557403564453,177.00883168990967,174.98633341606396,175.61093536777827,46964900,AAPL
2023-08-17,172.50779724121094,175.98769046364208,171.99225246191062,175.6208683794121,66062900,AAPL
2023-08-18,172.99359130859375,173.59836059602029,170.48528962334868,170.82237017622754,61172200,AAPL
2023-08-21,174.3319854736328,174.61950689363672,172.25000423465377,173.56859991663836,46311900,AAPL
2023-08-22,175.71005249023438,176.15619021692956,174.73846130997606,175.541512243613,42038900,AAPL
2023-08-23,179.5666961669922,179.9930163205811,176.80063007696822,176.98900304288458,52722800,AAPL
2023-08-24,174.86734008789062,179.54686177871002,174.50050298356618,179.12054166501596,54945800,AAPL
2023-08-25,177.07823181152344,177.6135940867137,174.3121656551708,175.8587845923081,51449600,AAPL
2023-08-28,178.64468383789062,179.04124736642365,177.018749166219,178.54553539179292,43820700,AAPL
2023-08-29,182.5409698486328,183.31427930675537,177.9605961154563,178.1588778766287,53003900,AAPL
2023-08-30,186.04071044921875,186.23900735465395,183.1556780614674,183.35395983897268,60813900,AAPL
2023-08-31,186.25880432128906,187.49808420340318,185.87214960318659,186.22906281435257,60794500,AAPL
2023-09-01,187.83517456054688,188.2912210727348,186.66528651811905,187.86491606664922,45766500,AAPL
2023-09-05,188.0731201171875,188.350717612699,186.00104769428793,186.66529992482816,45280000,AAPL
2023-09-06,181.34136962890625,187.23043067946264,179.91371663144653,186.7842777718091,81755800,AAPL
2023-09-07,176.03724670410156,176.6816813943478,172.05171790486162,173.67765269377628,112488800,AAPL
2023-09-08,176.65191650390625,178.69426259870855,176.26526175899272,176.82047189213844,65551300,AAPL
2023-09-11,177.82180786132812,178.7537488345446,175.81912716109244,178.52572555213936,58953100,AAPL
2023-09-12,174.7880401611328,178.58519559094336,173.32073699502078,177.95068488711692,90370200,AAPL
2023-09-13,172.71597290039062,175.77946927367296,172.48793449989455,174.99623588192003,84267900,AAPL
2023-09-14,174.2328643798828,174.58977763559852,172.09138484558866,172.50778112260195,60895800,AAPL
2023-09-15,173.50909423828125,174.9863213204115,172.329312484714,174.96648860625493,109259500,AAPL
2023-09-18,176.44374084472656,177.84165239746525,174.65917451441445,174.9665135519817,67257600,AAPL
2023-09-19,177.5343017578125,178.08949677364237,175.61093679016653,175.99759154247158,51826900,AAPL
2023-09-20,173.9849853515625,178.158871491594,173.8957457034938,177.72264255589144,58436200,AAPL
2023-09-21,172.43838500976562,174.7880703941122,172.36899318987008,173.05307823361915,63149100,AAPL
2023-09-22,173.2909698486328,175.56133895987557,172.5573258740407,173.17200382635897,56725400,AAPL
2023-09-25,174.56993103027344,175.4522977411563,172.65647493916612,172.70604916227998,46172700,AAPL
2023-09-26,170.4852752685547,173.69747930093746,170.1878450472042,173.32074847329434,64588900,AAPL
2023-09-27,168.96835327148438,171.55597002980713,167.60019869586014,171.13957384349305,66921800,AAPL
2023-09-28,169.2261505126953,170.5546549284134,166.18247183150447,167.88772217595067,56294400,AAPL
2023-09-29,169.74169921875,171.58574835004075,168.87915010499984,170.54475018871184,51861100,AAPL
2023-10-02,172.2599334716797,172.80521973991003,169.46411031162458,169.75163176575097,52164500,AAPL
2023-10-03,170.92149353027344,172.14095595651972,169.3550569046923,170.78269477378157,49594600,AAPL
2023-10-04,172.1707000732422,172.71598631340495,169.5037670214799,169.62273306372262,53020300,AAPL
2023-10-05,173.4099884033203,173.94535074695764,171.19910182632682,172.299583153516,48527900,AAPL
2023-10-06,175.96786499023438,176.46357702906525,171.6948145080504,172.30950772319366,57266700,AAPL
2023-10-09,177.45498657226562,177.51446959158443,174.2923416030924,175.29367439346143,42390800,AAPL
2023-10-10,176.86013793945312,178.1787337581922,176.42390893139742,176.5726316175604,43698000,AAPL
2023-10-11,178.25804138183594,178.30761560829964,176.07691156880261,176.6717569025772,47551100,AAPL
2023-10-12,179.1602325439453,180.77624333047942,177.50454119898205,178.52572180730996,56743100,AAPL
2023-10-13,177.316162109375,180.36973426316322,176.61224451765878,179.8641135443321,51427100,AAPL
2023-10-16,177.1873016357422,177.54421488719547,174.99624790055657,175.2341951108354,52517000,AAPL
2023-10-17,175.6307373046875,176.88984988971393,173.30090022346374,175.135025356181,57549400,AAPL
2023-10-18,174.3319854736328,176.05706860986896,173.60825021874456,174.07422069011992,54764400,AAPL
2023-10-19,173.95526123046875,176.31484005715805,173.68757251536525,174.53027383635083,59302900,AAPL
2023-10-20,171.39735412597656,173.91556396196083,171.15940696411764,173.80650673709968,64244000,AAPL
2023-10-23,171.51634216308594,172.51767489960218,168.4726633962427,169.4442697526279,55980100,AAPL
2023-10-24,171.95257568359375,172.18059896074934,169.97963653831403,171.56592094062157,43816600,AAPL
2023-10-25,169.63265991210938,171.57584256593557,169.18650699014253,170.4059694558874,57157000,AAPL
2023-10-26,165.45875549316406,169.91025482669738,164.24921696829185,168.90890687614655,70625300,AAPL
2023-10-27,166.77734375,167.5110029440003,165.39926501775972,165.47858075180807,58499100,AAPL
2023-10-30,168.82957458496094,169.70203248533966,167.42175441803172,167.57047708446643,51131000,AAPL
2023-10-31,169.30545043945312,169.43432524941466,166.4600537812944,167.89763042656077,44846000,AAPL
2023-11-01,172.47801208496094,172.73577684542204,168.6610241296242,169.5334819772275,56934900,AAPL
2023-11-02,176.0471649169922,176.25535548295753,173.95525969593038,174.01474271477764,77334800,AAPL
2023-11-03,175.13504028320312,175.30359567263832,171.8633532465518,172.74571998498175,79829200,AAPL
2023-11-06,177.6929168701172,177.8911986418375,174.69882732290304,174.86736758526175,63841300,AAPL
2023-11-07,180.2606964111328,180.87537437336846,177.4351323131202,177.64332285545842,70530000,AAPL
2023-11-08,181.32151794433594,181.87671291239437,180.0326638382413,180.7861556902591,49340300,AAPL
2023-11-09,180.8456573486328,182.54098393459674,180.2507968912838,181.39094357988108,53763500,AAPL
2023-11-10,185.04489135742188,185.2136688107188,182.19576071339824,182.63256439705196,66133400,AAPL
2023-11-13,183.45652770996094,184.67758150620577,182.87082057942214,184.46911666550656,43627500,AAPL
2023-11-14,186.0773468017578,186.74247420260892,184.9456350058848,186.33545119454976,60108400,AAPL
2023-11-15,186.64317321777344,188.12234646111898,186.41484954526325,186.48434792046902,53790500,AAPL
2023-11-16,188.33084106445312,189.57175373642215,187.2785343944212,188.191859451107,54412900,AAPL
2023-11-17,188.31097412109375,188.99596031021713,187.19912126214516,188.86690055056806,50922700,AAPL
2023-11-20,190.0581817626953,190.51484429092645,188.4996033239707,188.50952517211448,46505100,AAPL
2023-11-21,189.2540740966797,190.12768147094766,188.36062302598555,190.01848054916417,38134500,AAPL
2023-11-22,189.91920471191406,191.52742272571234,189.44269847594794,190.09790401781393,39617700,AAPL
2023-11-24,188.5889434814453,189.51217522879531,187.87417657801197,189.48239453680722,24048300,AAPL
2023-11-27,188.41024780273438,189.28385517880056,187.52671857843467,188.5393075690696,40552600,AAPL
2023-11-28,189.01580810546875,189.690872461515,188.02307798905798,188.4003202806091,38415400,AAPL
2023-11-29,187.9932861328125,190.693513100917,187.5962001689742,189.51216190888897,43014200,AAPL
2023-11-30,188.56907653808594,188.93639696992793,186.82187704243873,188.4598756228668,48794400,AAPL
2023-12-01,189.84971618652344,190.16738195236098,187.85431892352926,188.94632812953898,45704800,AAPL
2023-12-04,188.0528564453125,188.66835941071503,186.08725507958516,188.59886103241988,43389500,AAPL
2023-12-05,192.0138702392578,192.98674157750665,188.79741899208386,188.82721483361496,66628400,AAPL
2023-12-06,190.921875,193.34412390879868,190.71339499767492,193.03637997744386,41089700,AAPL
2023-12-07,192.85768127441406,193.5823700079149,192.18261692775607,192.22233461466143,47477700,AAPL
2023-12-08,194.28721618652344,194.56517940505597,192.26203828251843,192.7881840281593,53406400,AAPL
2023-12-11,191.77560424804688,192.08336332058192,190.02840462687192,191.70612101402028,60943700,AAPL
2023-12-12,193.29449462890625,193.30441647720014,190.32622602015354,191.6763396332624,52696900,AAPL
2023-12-13,196.52084350585938,196.5605460420224,193.43345250504257,193.67169801773704,70404200,AAPL
2023-12-14,196.66976928710938,198.16878635020208,194.73394853732478,196.58042720970235,66831600,AAPL
2023-12-15,196.13369750976562,196.95765018105735,195.56783406915136,196.09397982207716,128538400,AAPL
2023-12-18,194.4658966064453,195.20052232582978,192.9768014723469,194.66443959475328,55751900,AAPL
2023-12-19,195.50828552246094,195.51820737110475,194.46591579616017,194.73395718814848,40714100,AAPL
2023-12-20,193.41358947753906,196.24286091456693,193.41358947753906,195.4685327193502,52242800,AAPL
2023-12-21,193.26467895507812,195.64724016492798,192.09326476649224,194.67436895686498,46482500,AAPL
2023-12-22,192.19256591796875,193.9894050921648,191.56714106698067,193.76106624785666,37149600,AAPL
2023-12-26,191.6465606689453,192.48045036895266,191.42815882163003,192.20248713561688,28919300,AAPL
2023-12-27,191.74581909179688,192.09328069742187,189.7007974418798,191.09062871652011,48087700,AAPL
2023-12-28,192.17269897460938,193.24484932489418,191.76567598880632,192.72862541967714,34049900,AAPL
2023-12-29,191.1303253173828,192.98672576072192,190.33613820624774,192.4903607097449,42672100,AAPL
2024-01-02,184.2904052734375,187.07005243391947,182.55312769161858,185.78942219080653,82488700,AAPL
2024-01-03,182.91053771972656,184.52869277861944,182.09649169200898,182.88075702582086,58414500,AAPL
2024-01-04,180.58753967285156,181.7589539428833,179.5650288616003,180.82578520690032,71983600,AAPL
2024-01-05,179.8628387451172,181.43135417752765,178.86018676112266,180.66696287937032,62379700,AAPL
2024-01-08,184.21099853515625,184.2507162227342,180.18051667398524,180.76622380895435,59144500,AAPL
2024-01-09,183.7940673828125,183.80398923151574,181.40158398145778,182.58293533514995,42841800,AAPL
2024-01-10,184.83641052246094,185.04487535026095,182.5829090664718,183.00979086506445,46792900,AAPL
2024-01-11,184.24078369140625,185.69017636593313,182.28510409693843,185.1838742981323,49128400,AAPL
2024-01-12,184.56838989257812,185.38243589635255,183.84370111575322,184.70737150933715,40477800,AAPL
2024-01-16,182.29502868652344,182.92043833380222,179.61464536328148,180.83571426310817,65603000,AAPL
2024-01-17,181.3519287109375,181.6001112377356,178.98924135636386,179.95219077216925,47317400,AAPL
2024-01-18,187.25869750976562,187.76498444511594,184.47904999387188,184.7371543858006,78005800,AAPL
2024-01-19,190.16738891601562,190.55455307634924,187.44731794521132,187.95360487861367,68903000,AAPL
2024-01-22,192.48043823242188,193.90997199821769,190.86228332421425,190.90200101096366,60133900,AAPL
2024-01-23,193.7610626220703,194.3269260762536,192.42088601370864,193.60223731108647,42355600,AAPL
2024-01-24,193.0860137939453,194.95235131957728,192.9271733347724,193.9993237123997,53631300,AAPL
2024-01-25,192.75840759277344,194.84314692565724,191.70611607825748,193.80077725921535,54822100,AAPL
2024-01-26,191.0211181640625,193.3441028913112,190.54461197208147,192.85767485186383,44594000,AAPL
2024-01-29,190.33615112304688,190.80273551445788,188.20178731814485,190.6141143586287,47145600,AAPL
2024-01-30,186.67295837402344,190.4056331853674,186.10711010289756,189.5518847070131,55859400,AAPL
2024-01-31,183.05941772460938,185.73980101543498,183.00979333970113,185.68022448739953,55467800,AAPL
2024-02-01,185.50157165527344,185.59091374061754,182.4836784167144,182.65244073831812,64885400,AAPL
2024-02-02,184.4989013671875,185.96813772334343,177.9468764270477,178.55244241438749,102551700,AAPL
2024-02-05,186.31556701660156,187.8741604535555,184.48894737475842,186.7821513481828,69668800,AAPL
2024-02-06,187.92381286621094,187.9337347140823,185.4122068995574,185.50154897397763,43490800,AAPL
2024-02-07,188.03302001953125,189.66109684812312,187.23883287556598,189.2540738540102,53439000,AAPL
2024-02-08,186.95094299316406,188.16205980044833,185.98799356738817,188.0131563419714,40962000,AAPL
2024-02-09,187.71630859375,188.8494643803939,186.8714052160575,187.5174970927484,45155200,AAPL
2024-02-12,186.02650451660156,187.537383976275,185.66866504371018,187.28888476363343,41781900,AAPL
2024-02-13,183.92916870117188,185.09215835173688,182.4083547485107,184.6547973151463,56529500,AAPL
2024-02-14,183.04452514648438,184.41624573755993,181.34479892181088,184.20751487981576,54630500,AAPL
2024-02-15,182.75628662109375,183.38250957635185,180.2613596441227,182.4481499819002,65434500,AAPL
2024-02-16,181.215576171875,183.7403368438813,180.57941874936438,182.31891336045317,49752500,AAPL
2024-02-20,180.47006225585938,181.33483464555084,178.91942962585208,180.69867728023533,53665600,AAPL
2024-02-21,181.2255096435547,181.7920799507102,179.57547126273693,180.84778599399235,41371400,AAPL
2024-02-22,183.26319885253906,183.84966853541172,181.36467634977905,182.37854224114136,52292200,AAPL
2024-02-23,181.42431640625,183.92917764586625,181.13604881484736,183.89935895257477,45119700,AAPL
2024-02-26,180.07247924804688,181.66286516303873,179.56553112991756,181.1459977034405,40867400,AAPL
2024-02-27,181.5336456298828,182.81589486499632,178.48206808634893,180.01283169575817,54318900,AAPL
2024-02-28,180.33090209960938,182.02069366799873,179.04865286943277,181.4143549983027,48953900,AAPL
2024-02-29,179.66494750976562,181.47402922690614,178.45227002550848,180.1818301671186,136682600,AAPL
2024-03-01,178.58148193359375,179.44625436004063,176.31517027538303,178.47214167082092,73563100,AAPL
2024-03-04,174.04885864257812,175.838040881393,172.74670999766127,175.09254322615726,81510100,AAPL
2024-03-05,169.09873962402344,171.00721175997333,168.60174119797853,169.73489700267342,95132400,AAPL
2024-03-06,168.10475158691406,170.2120353375331,167.6673905223103,170.03310800783655,68587700,AAPL
2024-03-07,167.9854736328125,169.70508399774383,167.47854068144582,168.13456709874717,71765100,AAPL
2024-03-08,169.70509338378906,172.65726551008456,167.9258455340773,167.98548292374957,76267000,AAPL
2024-03-11,171.7129364013672,173.3331559369753,171.01714171856162,171.9017982082401,60139500,AAPL
2024-03-12,172.19007873535156,172.98527928876703,169.9834044040384,172.1105571632911,59825400,AAPL
2024-03-13,170.1027069091797,172.15033824760602,169.73491771533728,171.7328613388464,52488700,AAPL
2024-03-14,171.96144104003906,173.26357438070215,171.01714714290978,171.87198497095238,72913500,AAPL
2024-03-15,171.583740234375,171.583740234375,169.26772563447943,170.14244776104985,121752700,AAPL
2024-03-18,172.67715454101562,176.6432079045962,172.4783581807999,174.51605499918875,75604200,AAPL
2024-03-19,175.02296447753906,175.54978158656556,171.99127109820583,173.29340452493878,55215200,AAPL
2024-03-20,177.597412109375,177.597412109375,174.0389016316341,174.66512448913912,53423100,AAPL
2024-03-21,170.34124755859375,176.42451903095682,169.81443040365232,175.98715795881162,106181300,AAPL
2024-03-22,171.24578857421875,172.0111704512642,169.0391141931604,170.7289059277682,71160100,AAPL
2024-03-25,169.82437133789062,170.90782428626645,168.43276661931924,169.54605342761408,54288300,AAPL
2024-03-26,168.6912078857422,170.39093396328443,168.56198344496033,168.97946029150032,57388400,AAPL
2024-03-27,172.26959228515625,172.55785986634996,169.08880538680637,169.3870074763491,60273300,AAPL
2024-03-28,170.45057678222656,171.1960744249358,169.4863986176142,170.71896018041463,65672700,AAPL
2024-04-01,169.00929260253906,170.22197004043582,168.46259127116116,170.16233265286536,46240500,AAPL
2024-04-02,167.82643127441406,168.3234297194346,167.22009256480143,168.0649959882119,49329500,AAPL
2024-04-03,168.63156127929688,169.6553768320082,167.56799252573734,167.7767233727702,47691700,AAPL
2024-04-04,167.80654907226562,170.8879300889726,167.80654907226562,169.26771043200742,53704400,AAPL
2024-04-05,168.56199645996094,169.36713152382467,167.9357735582051,168.5719309687928,42104800,AAPL
2024-04-08,167.43875122070312,168.18424879084623,167.2300203946877,168.01527116167622,37425500,AAPL
2024-04-09,168.65145874023438,169.05900112515698,167.33939066831408,167.6872804964856,42373800,AAPL
2024-04-10,166.77281188964844,168.0749455051257,166.10683573391543,167.78669305483746,49709300,AAPL
2024-04-11,173.9892120361328,174.4067040844594,167.1505236254001,167.3294357885208,91070300,AAPL
2024-04-12,175.4901580810547,177.28929006742356,173.16420894399843,173.21389665591335,101670900,AAPL
2024-04-15,171.65333557128906,175.56968597759519,171.4644737242048,174.30730560539226,73531800,AAPL
2024-04-16,168.36318969726562,172.71688554496447,167.2598525976239,170.71895735574867,73711200,AAPL
2024-04-17,166.99147033691406,169.62555591523414,166.99147033691406,168.59180586766368,50901200,AAPL
2024-04-18,166.0372314453125,167.62763251332663,165.55018268321453,167.02129381245496,43122900,AAPL
2024-04-19,164.00946044921875,165.40104980433753,163.09498527768548,165.21220316607506,68149400,AAPL
2024-04-22,164.8444366455078,166.2559103754066,163.78086788564391,164.52636553527142,48116400,AAPL
2024-04-23,165.89805603027344,166.04716464714997,163.9299466584378,164.35737315952596,49537800,AAPL
2024-04-24,168.00534057617188,168.2836584621474,165.21221204158294,165.5402176329784,48251800,AAPL
2024-04-25,168.8701171875,169.58579610298705,167.14055728054169,168.51227772975648,50558300,AAPL
2024-04-26,168.28366088867188,170.31140768247312,168.16437095925713,168.86018085141623,44838400,AAPL
2024-04-29,172.4584503173828,174.97326108846298,172.06085765153782,172.3292258757486,68169400,AAPL
2024-04-30,169.30747985839844,173.9395086711804,168.9794590883409,172.28947031289857,65934800,AAPL
2024-05-01,168.28366088867188,171.67319360904702,168.0947990703537,168.56197877866052,50383100,AAPL
2024-05-02,171.99127197265625,172.37893013348045,169.8641193422282,171.4743893691613,94214900,AAPL
2024-05-03,182.27914428710938,185.87740797297917,181.56346535319665,185.52950301417593,163224100,AAPL
2024-05-06,180.61917114257812,183.09421354898845,179.33690673477625,181.2553285088154,78569700,AAPL
2024-05-07,181.30503845214844,183.79003083864822,180.2315350883076,182.34873828791632,77305800,AAPL
2024-05-08,181.6429901123047,181.97101089337855,180.36072568018065,181.75233037266264,45057100,AAPL
2024-05-09,183.46202087402344,183.55147695770702,181.0167817496789,181.46407733528633,48983000,AAPL
2024-05-10,182.1979217529297,184.22841905381327,181.28220609270682,184.039301056681,50759500,AAPL
2024-05-13,185.4128875732422,186.22907786103977,183.76061103045285,184.57680131825043,72044800,AAPL
2024-05-14,186.55752563476562,187.42348620330452,185.42283282321628,186.63715506565202,52393600,AAPL
2024-05-15,188.8368682861328,189.76253191302303,186.49780129168897,187.03529613574696,70400000,AAPL
2024-05-16,188.95631408691406,190.21045865928463,188.7771592552961,189.58338637309936,52845200,AAPL
2024-05-17,188.98617553710938,189.9218023921439,188.29938496531759,188.62785068172937,41282900,AAPL
2024-05-20,190.15072631835938,191.02663488992152,188.1301769262196,188.44869465688268,44361300,AAPL
2024-05-21,191.4546356201172,191.83285642957057,190.03128423275254,190.20049107683238,42309400,AAPL
2024-05-22,190.01136779785156,191.92244369758092,189.38431073139583,191.37500087150013,34648500,AAPL
2024-05-23,186.0100860595703,190.11090276702717,185.76124979940406,190.09099161364105,51005900,AAPL
2024-05-24,189.0956573486328,189.6928704821682,187.16468542966413,187.94106857836448,36327000,AAPL
2024-05-28,189.10562133789062,192.10160462638697,188.21976480489596,190.61853495727325,52280100,AAPL
2024-05-29,189.4042205810547,191.35510374397245,188.6278525845266,188.7273931739324,53068000,AAPL
2024-05-30,190.39956665039062,191.2854232244703,189.7426503955058,189.8720349370489,49889100,AAPL
2024-05-31,191.3551025390625,191.67362027294615,189.02599856414395,190.5488754083416,75158300,AAPL
2024-06-03,193.12681579589844,194.08235381042343,191.62385010600926,192.00207093054578,50080500,AAPL
2024-06-04,193.44532775878906,194.41081372828987,192.13146492648488,193.73397115741048,47471400,AAPL
2024-06-05,194.95823669433594,195.9834409155792,193.96289161058436,194.49042328995185,54156800,AAPL
2024-06-06,193.57470703125,195.58530834672572,193.2661524862918,194.77908126144504,41181800,AAPL
2024-06-07,195.97349548339844,196.02326577578603,193.23629646745044,193.7439169991778,53103900,AAPL
2024-06-10,192.22103881835938,196.3815891899795,191.25555286655262,195.98344204153506,97010200,AAPL
2024-06-11,206.18572998046875,206.19569315156764,192.72867525564521,192.74857122232135,172373300,AAPL
2024-06-12,212.0782012939453,219.1750019825869,205.9369082694312,206.40472171133436,198134300,AAPL
2024-06-13,213.24273681640625,215.74104751612717,210.61502639534655,213.74040935969603,97862700,AAPL
2024-06-14,211.50086975097656,214.16838712685717,210.31640674162668,212.8545395919822,70122700,AAPL
2024-06-17,215.6614227294922,217.9308083607288,211.72981259041407,212.37678083551464,93728300,AAPL
2024-06-18,213.29248046875,217.61228945527094,212.008492058615,216.5771221156608,79943300,AAPL
2024-06-20,208.70396423339844,213.24275088537271,207.87784112226225,212.93418113045576,86172500,AAPL
2024-06-21,206.52415466308594,210.90366690915465,206.14591867526494,209.41064929966387,241805100,AAPL
2024-06-24,207.17111206054688,211.70988292620214,205.62832424046638,206.75306897426384,80727000,AAPL
2024-06-25,208.09681701660156,210.39606187439708,207.63895156671146,208.17643126307132,55549700,AAPL
2024-06-26,212.25733947753906,213.8598456726642,209.65948819693895,210.51548557795786,66213200,AAPL
2024-06-27,213.1033935546875,214.73575892320002,211.36153961685812,213.69064352295018,49772700,AAPL
2024-06-28,209.6395721435547,215.0642148828325,209.3210696212814,214.76560832661605,82542700,AAPL
2024-07-01,215.7410430908203,216.4974998735104,210.933524598722,211.10273143743845,60402900,AAPL
2024-07-02,219.24465942382812,219.35414798734178,214.09872731420612,215.1438274713018,58046200,AAPL
2024-07-03,220.51870727539062,220.51870727539062,218.01043340115498,218.97591935149836,37369800,AAPL
2024-07-05,225.28640747070312,225.39589603978789,220.61823649717394,220.61823649717394,60412400,AAPL
2024-07-08,226.75953674316406,226.78939588229815,222.21080217009418,226.0329238568709,59085900,AAPL
2024-07-09,227.61550903320312,228.33215871662,225.3162642938077,226.8690002119573,48076100,AAPL
2024-07-10,231.8955078125,231.9950484021832,228.18287467129386,228.23264496613547,62627700,AAPL
2024-07-11,226.5106964111328,231.30825199534104,224.7190721562944,230.31290687462652,64710600,AAPL
2024-07-12,229.4668426513672,231.55707334519846,227.61550023869842,227.85438851986095,53046500,AAPL
2024-07-15,233.3088836669922,236.12571210202407,232.00498402552307,235.37920328245679,62631300,AAPL
2024-07-16,233.72695922851562,235.17020668202304,231.24854429696344,233.90611406831457,43234300,AAPL
2024-07-17,227.81460571289062,230.38259805534622,225.58502708071103,228.3819445580284,57345900,AAPL
2024-07-18,223.13644409179688,229.3673137711516,221.2353466054131,229.20805491946456,66034600,AAPL
2024-07-19,223.26585388183594,225.74426861436035,222.24064965794977,223.77348959602472,49151500,AAPL
2024-07-22,222.91748046875,226.71969060050867,222.051519961604,225.9532706718539,48201800,AAPL
2024-07-23,223.9626007080078,225.88362469345716,221.6434447483752,223.32558043665784,39960300,AAPL
2024-07-24,217.522705078125,223.75357494115906,216.1192800710717,222.9572958470105,61777600,AAPL
2024-07-25,216.47760009765625,219.8219600686179,213.62094948036474,217.91088420998827,51391200,AAPL
2024-07-26,216.9454345703125,218.46831142772768,215.0044993866062,217.68198025772855,41601300,AAPL
2024-07-29,217.22412109375,218.27918447457574,214.74570631572197,215.95008057489312,36311800,AAPL
2024-07-30,217.78150939941406,219.30438617677734,215.11397665237357,218.16969337819762,41643800,AAPL
2024-07-31,221.04623413085938,222.77814001369308,219.60298682237814,220.40921389598267,50036300,AAPL
2024-08-01,217.34356689453125,223.43507433375405,216.00980804268707,223.32558576007955,62501000,AAPL
2024-08-02,218.83656311035156,224.54984915998065,216.69657732981517,218.1298614428512,105568600,AAPL
2024-08-05,208.29586791992188,212.506173331003,195.0876345333798,198.16324716744046,119548600,AAPL
2024-08-06,206.26536560058594,209.0125278604179,200.13405118519225,204.3443568031922,69660500,AAPL
2024-08-07,208.84332275390625,212.64553325809877,205.4292810556757,205.9369016050796,63516400,AAPL
2024-08-08,212.31704711914062,213.20290359333654,207.85790561211314,212.1179811495676,47161100,AAPL
2024-08-09,215.23342895507812,215.77090862412464,210.98330114399806,211.11270086651854,42201600,AAPL
2024-08-12,216.7680206298828,218.7410807003227,214.84478845727688,215.31314332730477,38028100,AAPL
2024-08-13,220.4949493408203,221.11277276612057,218.2428558389481,218.2428558389481,44155300,AAPL
2024-08-14,220.94334411621094,222.24875291914373,218.9304156630747,219.7973785028084,41960600,AAPL
2024-08-15,223.932861328125,224.56065945598428,221.979720044419,223.8132865248532,46414000,AAPL
2024-08-16,225.25819396972656,226.03546056539557,222.86659157853387,223.1356500786779,44340200,AAPL
2024-08-19,225.0987548828125,225.19841068626937,222.25873174304007,224.92935218120843,40687800,AAPL
2024-08-20,225.71656799316406,226.3742597731608,224.66028342820331,224.9791698204466,30299000,AAPL
2024-08-21,225.60696411132812,227.18143154067607,224.26170199000447,225.7265541171402,34765500,AAPL
2024-08-22,223.74349975585938,227.54015139464096,223.11570169720306,226.9920749311584,43695300,AAPL
2024-08-23,226.04542541503906,227.42059644239848,223.5442228703079,224.86956599566977,38677300,AAPL
2024-08-26,226.3842315673828,226.48388737170686,223.1057623977585,225.9657045588355,30602200,AAPL
2024-08-27,227.23126220703125,228.0483972344343,224.10226151212836,225.208374045966,35934600,AAPL
2024-08-28,225.6966552734375,229.05484595642545,224.88947977262964,227.12163896438045,38052200,AAPL
2024-08-29,228.98509216308594,232.10413336375854,228.07829123837303,229.29401907737392,51906300,AAPL
2024-08-30,228.19784545898438,229.5929353752877,226.68316554604098,229.38367949051207,52990800,AAPL
2024-09-03,221.98968505859375,228.1978583447122,220.39528345963856,227.74943764667495,50190600,AAPL
2024-09-04,220.076416015625,221.00315112701452,216.71821006143196,220.88357632692316,43840200,AAPL
2024-09-05,221.60105895996094,224.69019125096705,220.7440707336114,220.85368603716802,36615400,AAPL
2024-09-06,220.0465087890625,224.4510243839852,219.00018373655976,223.16553454066073,48423000,AAPL
2024-09-09,220.13619995117188,220.49493955114087,215.95091475509392,220.04651885251477,67180000,AAPL
2024-09-10,219.3389892578125,220.70418549359823,215.97082401031443,218.15315521125123,51591000,AAPL
2024-09-11,221.8800811767578,222.30856769538977,217.12678504013684,220.68428751867503,44587100,AAPL
2024-09-12,221.98968505859375,222.76695165661573,219.0500213655269,221.7206265576352,37455600,AAPL
2024-09-13,221.72061157226562,223.2552104631355,221.1326819144566,222.79683029802118,36766600,AAPL
2024-09-16,215.56227111816406,216.45911247240775,213.17066883128115,215.78148650258865,59357400,AAPL
2024-09-17,216.03062438964844,216.14023969143096,213.74865245933694,214.99427397716522,45519300,AAPL
2024-09-18,219.91696166992188,221.9298901997397,216.777986478492,216.7879611815548,59894900,AAPL
2024-09-19,228.0683135986328,229.01499812075548,223.84317512238368,224.20191472936153,66781300,AAPL
2024-09-20,227.40065002441406,232.27352055331795,226.82267984404155,229.1644542640561,318679900,AAPL
2024-09-23,225.67672729492188,228.64628476177805,225.01903547850176,226.54367501316779,54146000,AAPL
2024-09-24,226.57354736328125,228.54662262661762,224.93929267987525,227.8490624720206,43556100,AAPL
2024-09-25,225.57705688476562,226.49383244586693,223.2352976856936,224.1420985437932,42308700,AAPL
2024-09-26,226.72303771972656,227.69960067739044,224.62042810744603,226.50380712846774,36636700,AAPL
2024-09-27,226.99208068847656,228.71603171782343,226.50380681299467,227.6597471643239,34026000,AAPL
2024-09-30,232.183837890625,232.183837890625,228.84556632808733,229.234199611622,54541900,AAPL
2024-10-01,225.4176483154297,228.84558606321303,222.956298905669,228.71605176109068,63285000,AAPL
2024-10-02,225.9856414794922,226.5735711981907,222.23881735408233,225.09875954956593,32880600,AAPL
2024-10-03,224.8795166015625,226.01552277761738,222.53775735368686,224.35137431302277,34044200,AAPL
2024-10-04,226.00555419921875,227.20134772512517,223.3449086623416,227.10169192907478,37245100,AAPL
2024-10-07,220.91346740722656,224.8994562199718,220.55472780586587,223.7136221153256,39505400,AAPL
2024-10-08,224.9791717529297,225.1884276449642,222.46799461113406,223.51431968732726,31855700,AAPL
2024-10-09,228.7359619140625,228.94523301761674,224.0424685900414,224.44106139019914,33591100,AAPL
2024-10-10,228.23770141601562,228.6960967971132,226.3742566041183,226.98212047614993,28183500,AAPL
2024-10-11,226.75294494628906,228.60643037956845,226.54367384020586,228.4968150773993,31759200,AAPL
2024-10-14,230.48980712890625,230.91829362955485,227.79926770980506,227.89890830734765,39882100,AAPL
2024-10-15,233.03086853027344,236.65811760908664,231.5560417756155,232.79170373632726,64751400,AAPL
2024-10-16,230.96812438964844,231.30692979509985,229.0349173503749,230.7887621886474,34082200,AAPL
2024-10-17,231.33682250976562,233.0308799404877,229.71254238803704,232.6123377292532,32993800,AAPL
2024-10-18,234.1768341064453,235.35269346424636,233.19029643777657,235.35269346424636,46431500,AAPL
2024-10-21,235.65164184570312,236.0203561309456,233.6287538470191,233.6287538470191,36254500,AAPL
2024-10-22,235.03382873535156,235.3925683333293,231.7852533575211,233.07072804715946,38846600,AAPL
2024-10-23,229.95167541503906,234.31633777031985,226.96218398382533,233.26005323081202,52287000,AAPL
2024-10-24,229.7623748779297,230.01149918679397,227.60993720006027,229.17442995295067,31109500,AAPL
2024-10-25,230.59942626953125,232.4030838122294,228.7658750265385,228.93527772998817,38802300,AAPL
2024-10-28,232.5824432373047,233.9077863541258,231.73542973016842,232.50273684103132,36087100,AAPL
2024-10-29,232.85150146484375,233.50919327337175,231.50623935322642,232.28350596136286,35417200,AAPL
2024-10-30,229.29400634765625,232.65219696606212,228.74592985962587,231.79520878623467,47070900,AAPL
2024-10-31,225.11868286132812,229.02495000446748,224.5805658660821,228.53666090957242,64370100,AAPL
2024-11-01,222.1291961669922,224.56065178607977,219.49844414747824,220.1959891516409,65276700,AAPL
2024-11-04,221.23233032226562,222.0095968952219,218.94039900502227,220.21591416091667,44944500,AAPL
2024-11-05,222.66729736328125,223.1655459656629,220.36539125313263,221.02308305755813,28111300,AAPL
2024-11-06,221.93984985351562,225.27812143912794,220.41521040716108,221.83023455712816,54561100,AAPL
2024-11-07,226.6831817626953,227.081789771112,223.7833864288354,223.8431738287627,42137700,AAPL
2024-11-08,226.41383361816406,228.10973956989392,225.8651541338214,226.6233197345054,38328800,AAPL
2024-11-11,223.69039916992188,225.15686291743452,220.96697301971395,224.4585504714927,42005600,AAPL
2024-11-12,223.69039916992188,225.04712701721013,222.82249764582772,224.00963641496367,40398300,AAPL
2024-11-13,224.5782470703125,226.10456392944064,222.2239257676591,223.4709176605461,48566200,AAPL
2024-11-14,227.67079162597656,228.31922131738446,224.45853931227538,224.47849544461576,44923900,AAPL
2024-11-15,224.4585418701172,226.3739196007606,223.73030286311794,225.8551667084814,47923700,AAPL
2024-11-18,227.4712677001953,229.18712968944305,224.62812021676072,224.70792952115227,44633700,AAPL
2024-11-19,227.73065185546875,229.60613257977118,226.11455519341968,226.43377721041003,36211800,AAPL
2024-11-20,228.44891357421875,229.37666823104936,225.34639715216647,227.51117324017346,35169600,AAPL
2024-11-21,227.97007751464844,229.60613029336434,225.16684213362325,228.3292117939797,42108300,AAPL
2024-11-22,229.3168182373047,230.16477882059493,227.51117639639193,227.51117639639193,38168300,AAPL
2024-11-25,232.30960083007812,232.68869124314412,229.1871434272115,230.9030055193102,90152800,AAPL
2024-11-26,234.49432373046875,235.00310615337486,232.76849125195545,232.76849125195545,45986200,AAPL
2024-11-27,234.36463928222656,235.12282010257627,233.24733940643014,233.9057547855541,33498400,AAPL
2024-11-29,236.7588653564453,237.2377059705746,233.40695061340287,234.24492549364632,28481400,AAPL
2024-12-02,239.013427734375,240.21053691361496,236.58928278806928,236.69901868412032,48137100,AAPL
2024-12-03,242.06607055664062,242.1758064568113,238.32509471728144,239.232908507596,38861000,AAPL
2024-12-04,242.42520141601562,243.5225604021956,240.66944226019712,242.28553892887177,44383900,AAPL
2024-12-05,242.4551239013672,243.95151419061432,241.54732536132988,243.40284992887905,40033900,AAPL
2024-12-06,242.25559997558594,244.04130085085734,241.49743440151175,242.32543882662802,36870600,AAPL
2024-12-09,246.1562042236328,246.64503053466012,241.16823655952678,241.24804586880077,44649200,AAPL
2024-12-10,247.1737518310547,247.612695417372,244.7495916510093,246.2958646584201,36914800,AAPL
2024-12-11,245.89683532714844,250.19646101706442,245.66737785476369,247.3632990378159,45205800,AAPL
2024-12-12,247.36329650878906,248.1414182384854,245.08876927344312,246.2958641332418,32777500,AAPL
2024-12-13,247.5328826904297,248.69007959411312,245.647431564018,247.223631137632,33155300,AAPL
2024-12-16,250.43588256835938,250.77507595019196,247.05404098232512,247.3932343641577,51694800,AAPL
2024-12-17,252.8699951171875,253.21915892963332,249.1789022262073,249.47818331943677,51356400,AAPL
2024-12-18,247.4530792236328,253.66808268004456,247.14382766353577,251.55318925842403,56774100,AAPL
2024-12-19,249.1888885498047,251.3935770141874,246.49538898335234,246.90440599607692,60882300,AAPL
2024-12-20,253.87759399414062,254.3863612366688,245.09876750312787,247.44310326755718,147495300,AAPL
2024-12-23,254.6557159423828,255.03479114956258,252.8400883307868,254.15691915529422,40858800,AAPL
2024-12-24,257.57867431640625,257.58862955018265,254.67565812568793,254.87518901917565,23234700,AAPL
2024-12-26,258.39666748046875,259.47408555117545,257.0100282923795,257.56867823862046,27237100,AAPL
2024-12-27,254.9749298095703,258.0774615569102,252.4510193654514,257.20952960207876,42355300,AAPL
2024-12-30,251.59307861328125,252.88995321263158,250.14657107718884,251.62300520062965,35557500,AAPL
